"Qubit","T1 (us)","T2 (us)","Frequency (GHz)","Anharmonicity (GHz)","Readout assignment error ","Prob meas0 prep1 ","Prob meas1 prep0 ","Readout length (ns)","ID error ","Z-axis rotation (rz) error ","√x (sx) error ","Pauli-X error ","ECR error ","Gate time (ns)","Operational"
"0","268.06979772136026","110.93480000939968","5.091729925466764","-0.3064178713208025","0.01200000000000001","0.0114","0.012599999999999945","4000","0.00032491139858552883","0","0.00032491139858552883","0.00032491139858552883","0_14:0.012748126996395076;0_1:0.009295658230457693","0_14:660;0_1:660","true"
"1","288.33824747837474","244.57178870425335","4.97058093538596","-0.3076118473056415","0.0262","0.025399999999999978","0.027","4000","0.0003568376095444584","0","0.0003568376095444584","0.0003568376095444584","1_2:0.0072848047812686945","1_2:660","true"
"2","244.4581184517944","313.9978601598605","4.890391937272239","-0.30886672518848857","0.026100000000000012","0.025000000000000022","0.0272","4000","0.0001817795373031452","0","0.0001817795373031452","0.0001817795373031452","","","true"
"3","146.4465556661072","152.77965039812173","5.053066766619048","-0.30666248436950483","0.02499999999999991","0.0134","0.036599999999999966","4000","0.0004427599731950507","0","0.0004427599731950507","0.0004427599731950507","3_2:0.011732912494141517;3_4:0.012964548373577467","3_2:660;3_4:660","true"
"4","243.71704538330584","145.30077473241514","4.978161741493934","-0.30777135138061384","0.010199999999999987","0.011","0.009399999999999964","4000","0.00022168907282460527","0","0.00022168907282460527","0.00022168907282460527","4_15:0.005978607985461348","4_15:660","true"
"5","200.9362681609771","146.94822631179625","5.04078430242993","-0.30674265547273416","0.04149999999999998","0.04079999999999995","0.0422","4000","0.00019656583474362952","0","0.00019656583474362952","0.00019656583474362952","5_4:0.005883532651318607","5_4:660","true"
"6","203.30542887808133","89.80008306991759","5.1701107395877735","-0.3037940775265072","0.03539999999999999","0.0364","0.034399999999999986","4000","0.00023308293877352","0","0.00023308293877352","0.00023308293877352","6_7:0.0055103342754215245;6_5:0.005835324095874783","6_7:660;6_5:660","true"
"7","237.7909325746961","263.3079700347582","5.08074761756015","-0.3059345033629119","0.007000000000000006","0.0086","0.00539999999999996","4000","0.000162830165774185","0","0.000162830165774185","0.000162830165774185","7_8:0.005245769652592408","7_8:660","true"
"8","299.03021490808624","99.56088108163854","5.0031827167299","-0.307600825764635","0.0040000000000000036","0.005199999999999982","0.0028","4000","0.00017705195614128196","0","0.00017705195614128196","0.00017705195614128196","8_16:0.007466597487086973","8_16:660","true"
"9","265.31356690251374","35.65361311158509","5.1020197276779715","-0.3062090662670669","0.024799999999999933","0.019399999999999973","0.0302","4000","0.0005668355887622679","0","0.0005668355887622679","0.0005668355887622679","9_8:0.011896490447689895;9_10:0.015675385859233754","9_8:660;9_10:660","true"
"10","194.49475737574457","194.53208383088474","4.926257837552907","-0.3085316291198984","0.011900000000000022","0.0118","0.01200000000000001","4000","0.00027129222306259554","0","0.00027129222306259554","0.00027129222306259554","10_11:0.007572084407345692","10_11:660","true"
"11","216.47941913660893","93.89650343118456","4.83941065413067","-0.308885870288562","0.047599999999999976","0.0508","0.044399999999999995","4000","0.0002389174336313494","0","0.0002389174336313494","0.0002389174336313494","","","true"
"12","99.56354455762838","70.21263146235566","5.109804982974974","-0.30616503746547113","0.1582","0.026","0.2904","4000","0.0006926797787059897","0","0.0006926797787059897","0.0006926797787059897","12_11:0.027302087226061977","12_11:660","true"
"13","148.27321551498233","63.85631281581085","4.982496870226465","-0.3068148853741847","0.009099999999999997","0.01","0.008199999999999985","4000","0.00031096895388190923","0","0.00031096895388190923","0.00031096895388190923","13_12:0.01461119554244944","13_12:660","true"
"14","112.57441552975594","42.74652818071722","4.865080514762649","-0.3091688931353723","0.00550000000000006","0.0050000000000000044","0.006","4000","0.00042016634171404993","0","0.00042016634171404993","0.00042016634171404993","","","true"
"15","247.37452899797825","161.955140930346","5.15347635531861","-0.30544098816476106","0.007199999999999984","0.008000000000000007","0.0064","4000","0.00024166163518040142","0","0.00024166163518040142","0.00024166163518040142","15_22:0.00837930326516284","15_22:660","true"
"16","159.05275499448416","85.83438572350708","4.9521794168226245","-0.3070553236798937","0.05400000000000005","0.04920000000000002","0.0588","4000","0.0002975042894823263","0","0.0002975042894823263","0.0002975042894823263","","","true"
"17","141.53540859860556","89.7606415422812","5.222740648639519","-0.3029522541528282","0.012299999999999978","0.013800000000000034","0.0108","4000","0.0002866219455819217","0","0.0002866219455819217","0.0002866219455819217","17_12:0.012016313819526059;17_30:0.012783833111277537","17_12:660;17_30:660","true"
"18","340.17963487201297","285.9741665373172","4.9467946234744895","-0.30882606481713304","0.022399999999999975","0.021199999999999997","0.0236","4000","0.00020090905229293735","0","0.00020090905229293735","0.00020090905229293735","18_14:0.010590648763013966;18_19:0.0054719777293320004","18_14:660;18_19:660","true"
"19","215.0470785737661","73.83040484841474","5.05726508622525","-0.30729640355616145","0.030200000000000005","0.033399999999999985","0.027","4000","0.0008017199784890318","0","0.0008017199784890318","0.0008017199784890318","","","true"
"20","219.8679948343941","54.01902527581849","5.028932657448906","-0.3061722380473728","0.0716","0.07879999999999998","0.0644","4000","0.0004210290328616266","0","0.0004210290328616266","0.0004210290328616266","20_33:0.007762905633149408;20_21:0.00852951259392229;20_19:0.012945650136362064","20_33:660;20_21:660;20_19:660","true"
"21","226.25826479423702","301.9013429273378","5.169389359544633","-0.3041302197907452","0.0484","0.0432","0.05359999999999998","4000","0.00022311542471111208","0","0.00022311542471111208","0.00022311542471111208","21_22:0.006642291453270915","21_22:660","true"
"22","202.59313293846952","223.05355452938483","5.060681346415204","-0.30627013580014817","0.013499999999999956","0.014599999999999946","0.0124","4000","0.00037721873648844815","0","0.00037721873648844815","0.00037721873648844815","","","true"
"23","288.7298308548556","17.56552758489861","5.00535682975774","-0.3072039956935684","0.0353","0.03539999999999999","0.0352","4000","0.0003023487134832056","0","0.0003023487134832056","0.0003023487134832056","23_22:0.009267525796798431","23_22:660","true"
"24","232.72536393690825","277.086506581729","5.073617288106284","-0.3058968992654708","0.030200000000000005","0.030200000000000005","0.0302","4000","0.0002640264924489326","0","0.0002640264924489326","0.0002640264924489326","24_23:0.00819363672318138","24_23:660","true"
"25","151.09053376029044","146.69685622411265","5.1640018944149","-0.3053687262921275","0.024699999999999944","0.025800000000000045","0.0236","4000","0.0005282954413858203","0","0.0005282954413858203","0.0005282954413858203","25_26:0.012691034057577988;25_24:0.012353780030588235","25_26:660;25_24:660","true"
"26","187.1686819716742","168.80563184658277","5.135118517198879","-0.3053120798456737","0.028000000000000025","0.018399999999999972","0.0376","4000","0.000527206708691274","0","0.000527206708691274","0.000527206708691274","26_16:0.013238683815198743","26_16:660","true"
"27","178.87562481672006","134.20777603949125","5.052710357532104","-0.3058824603800633","0.03869999999999996","0.0464","0.031","4000","0.0004130762209335967","0","0.0004130762209335967","0.0004130762209335967","27_28:0.011394889848321155;27_26:0.007868489634273002","27_28:660;27_26:660","true"
"28","72.59164994855556","72.77647959438467","4.929100772673195","-0.3083409778897531","0.012199999999999989","0.0156","0.00880000000000003","4000","0.0007068583810579657","0","0.0007068583810579657","0.0007068583810579657","28_35:0.01101243240366212;28_29:0.01367112871585377","28_35:660;28_29:660","true"
"29","181.32888544376837","176.15999924631828","5.071363245473416","-0.30550874234871866","0.017900000000000027","0.0198","0.016000000000000014","4000","0.00039024008051665165","0","0.00039024008051665165","0.00039024008051665165","","","true"
"30","195.58907098888167","34.590756016378165","5.021502733176823","-0.3062517153077745","0.14470000000000005","0.1516","0.13780000000000003","4000","0.000530046896692299","0","0.000530046896692299","0.000530046896692299","30_31:0.010561324656154086;30_29:0.015213756769927811","30_31:660;30_29:660","true"
"31","202.48855121635626","79.10387977845703","5.096812367029743","-0.30591581288189656","0.01529999999999998","0.01539999999999997","0.0152","4000","0.00024164132715957272","0","0.00024164132715957272","0.00024164132715957272","","","true"
"32","205.86502876413167","216.39387345386285","5.2530808654501335","-0.30210245828133586","0.016699999999999937","0.018000000000000016","0.0154","4000","0.0002336167880624004","0","0.0002336167880624004","0.0002336167880624004","32_31:0.011444631428840835;32_36:0.00635097963819059","32_31:660;32_36:660","true"
"33","124.54386459485707","129.05291846206632","4.913075216630533","-0.30832067124143364","0.02310000000000001","0.022399999999999975","0.0238","4000","0.0002637901911994705","0","0.0002637901911994705","0.0002637901911994705","33_39:0.008846218031618558","33_39:660","true"
"34","286.7188406771445","141.0479822463159","4.935356592642218","-0.30814684914853196","0.02849999999999997","0.027599999999999958","0.0294","4000","0.00020067336419006326","0","0.00020067336419006326","0.00020067336419006326","34_24:0.005534323914268363;34_43:1","34_24:660;34_43:660","true"
"35","241.84025640675435","104.68876623968262","4.8163985427087255","-0.3106460390864426","0.03370000000000006","0.0372","0.030200000000000005","4000","0.0002236136878112048","0","0.0002236136878112048","0.0002236136878112048","","","true"
"36","182.28342045538642","178.97588797539234","5.134387711025351","-0.30423992906882386","0.01090000000000002","0.0158","0.006000000000000005","4000","0.00025707000308802916","0","0.00025707000308802916","0.00025707000308802916","36_51:0.008927419295663125","36_51:660","true"
"37","229.48165929859962","246.63036468574617","5.00654617260446","-0.30666910558533245","0.16159999999999997","0.2174","0.1058","4000","0.09375025859493269","0","0.09375025859493269","0.09375025859493269","37_52:0.13901282496997788;37_38:1","37_52:660;37_38:660","true"
"38","267.8167050554807","28.18649075196167","4.8254928378023205","-0.31068680360173245","0.09630000000000005","0.0938","0.0988","4000","0.00022780333013065385","0","0.00022780333013065385","0.00022780333013065385","38_39:0.008791615465851249","38_39:660","true"
"39","211.25374173147858","98.48108131288902","5.019322756373184","-0.307076974162903","0.13749999999999996","0.14559999999999995","0.1294","4000","0.0022821381213016623","0","0.0022821381213016623","0.0022821381213016623","","","true"
"40","300.96877201975036","349.20086107900227","5.084623817140826","-0.3061975887621035","0.00990000000000002","0.008399999999999963","0.0114","4000","0.0003404689641097524","0","0.0003404689641097524","0.0003404689641097524","40_39:0.01627425844325711;40_41:0.009973489762075322","40_39:660;40_41:660","true"
"41","177.78475521464136","285.9097813604733","4.9534840681194945","-0.30833115586805115","0.012699999999999934","0.012199999999999989","0.0132","4000","0.00020847449642894705","0","0.00020847449642894705","0.00020847449642894705","41_53:0.0062176582750023135;41_42:0.011824546940550046","41_53:660;41_42:660","true"
"42","190.9231640144428","184.51330814742371","5.091922030584266","-0.3062199111611784","0.023800000000000043","0.025","0.022599999999999953","4000","0.0006515893367750663","0","0.0006515893367750663","0.0006515893367750663","42_43:1","42_43:660","true"
"43","221.2570093902742","278.8596992789779","4.869723697163033","-0.3094094192800075","0.4733333333333334","0.76","0.18666666666666668","4000","0.00020609618982725283","0","0.00020609618982725283","0.00020609618982725283","43_44:1","43_44:660","true"
"44","331.08764254088175","78.29791154000807","5.023547137685331","-0.3073323285282485","0.012499999999999956","0.0094","0.015599999999999947","4000","0.00019677432618823783","0","0.00019677432618823783","0.00019677432618823783","","","true"
"45","177.80024385048995","124.91833570954925","5.112462397789221","-0.30507649755637556","0.0343","0.022399999999999975","0.0462","4000","0.00020972803322793368","0","0.00020972803322793368","0.00020972803322793368","45_44:0.005971373128341506;45_46:0.012726009503064933","45_44:660;45_46:660","true"
"46","233.684433611498","283.21900949945814","4.966511764373321","-0.3079705749190589","0.009299999999999975","0.0102","0.008399999999999963","4000","0.00024168904245536774","0","0.00024168904245536774","0.00024168904245536774","46_47:1","46_47:660","true"
"47","351.3819512505171","274.3161684610636","4.878199292409942","-0.30980628193792015","0.4733333333333334","0.7366666666666667","0.21","4000","0.00014532481383549228","0","0.00014532481383549228","0.00014532481383549228","47_35:1","47_35:660","true"
"48","308.3919415696286","233.5469156900653","5.023734521408494","-0.30604770148185606","0.021300000000000097","0.0228","0.01980000000000004","4000","0.0002348924016353071","0","0.0002348924016353071","0.0002348924016353071","48_47:1","48_47:660","true"
"49","7.786347147055743","18.565892550521955","5.09523567787246","0","0.02980000000000005","0.0298","0.02980000000000005","4000","0.0012869700656469823","0","0.0012869700656469823","0.0012869700656469823","49_48:0.02296994180740461","49_48:660","true"
"50","208.0645342589461","17.18400204214913","5.18648248688187","-0.3039883515773636","0.0121","0.011600000000000055","0.0126","4000","0.0008193050066146656","0","0.0008193050066146656","0.0008193050066146656","50_51:0.022300565638546987;50_49:0.0305956177915869","50_51:660;50_49:660","true"
"51","106.61507636759518","115.08393431423892","5.027678240445588","-0.30572820603279416","0.05559999999999998","0.06699999999999995","0.0442","4000","0.0003749533548703792","0","0.0003749533548703792","0.0003749533548703792","","","true"
"52","115.22974119046073","44.88097814513235","5.1893853930880445","-0.3036765490718706","0.01639999999999997","0.0146","0.018199999999999994","4000","0.00043875213062124005","0","0.00043875213062124005","0.00043875213062124005","","","true"
"53","312.12714942118464","388.5305571405341","4.8431689483109945","-0.3085981049843937","0.07689999999999997","0.0708","0.08299999999999996","4000","0.00022252354611417","0","0.00022252354611417","0.00022252354611417","","","true"
"54","163.42047189689515","195.03023206661868","5.192122176827021","-0.30333873744389567","0.05230000000000001","0.0532","0.0514","4000","0.00019432345583817972","0","0.00019432345583817972","0.00019432345583817972","54_45:0.006329655968827785","54_45:660","true"
"55","238.61379386794889","60.08161778498136","5.216670325727182","-0.3040260702188013","0.008799999999999919","0.0082","0.009399999999999964","4000","0.00030198184305424723","0","0.00030198184305424723","0.00030198184305424723","55_49:0.019939572853660992","55_49:660","true"
"56","150.02145418606474","29.954601366371417","5.13476780203064","-0.3462174906240536","0.09760000000000002","0.0772","0.118","4000","0.0007182102145316489","0","0.0007182102145316489","0.0007182102145316489","56_52:0.017994198575797427;56_57:0.017709475605840602","56_52:660;56_57:660","true"
"57","251.62710695658905","30.90247179974991","4.769586472709593","-0.30844645864074566","0.3521000000000001","0.2298","0.47440000000000004","4000","0.00038476284606999496","0","0.00038476284606999496","0.00038476284606999496","","","true"
"58","375.38971255768075","42.71286744712242","4.916414406968884","-0.3089545931879817","0.056499999999999995","0.0518","0.06120000000000003","4000","0.0004757702789266468","0","0.0004757702789266468","0.0004757702789266468","58_59:0.014300524029502742;58_57:0.0285843221318062","58_59:660;58_57:660","true"
"59","293.0220729360918","170.3108796512671","5.016362608266589","-0.30653005999415467","0.0665","0.07040000000000002","0.0626","4000","0.00019162898262385018","0","0.00019162898262385018","0.00019162898262385018","","","true"
"60","163.71395396839375","185.16436301849436","5.112574514913633","-0.3054937994423591","0.06000000000000005","0.0578","0.06220000000000003","4000","0.0009272782919242007","0","0.0009272782919242007","0.0009272782919242007","60_59:0.008305450440049128;60_53:0.019481290202308266","60_59:660;60_53:660","true"
"61","247.1447521718696","186.38192677890422","4.911715280841228","-0.3085000780263203","0.16569999999999996","0.1594","0.172","4000","0.00024829552719531355","0","0.00024829552719531355","0.00024829552719531355","61_60:0.020416127115481686","61_60:660","true"
"62","239.7093739106748","123.13716267980485","5.015457444768779","-0.3066993137320213","0.4406","0.297","0.5842","4000","0.0003100312544690605","0","0.0003100312544690605","0.0003100312544690605","62_61:0.006904334006231","62_61:660","true"
"63","187.18412744199546","214.1819695302949","5.080296674328039","-0.30683529950437965","0.007900000000000018","0.0084","0.007399999999999962","4000","0.0005263252907935132","0","0.0005263252907935132","0.0005263252907935132","63_62:0.018028919346264827","63_62:660","true"
"64","118.34784183136735","70.93355479670487","5.280719335746697","-0.30375435238712384","0.026599999999999957","0.031000000000000028","0.0222","4000","0.0005290712937549292","0","0.0005290712937549292","0.0005290712937549292","64_63:0.018102686959710318;64_65:0.016219427685802257;64_54:0.011491193652248072","64_63:660;64_65:660;64_54:660","true"
"65","85.37787056888479","50.45518654264517","5.2515279706687075","-0.27596352359214404","0.09989999999999999","0.09919999999999995","0.1006","4000","0.0006273149135825094","0","0.0006273149135825094","0.0006273149135825094","","","true"
"66","216.6932964765787","14.921414456382305","5.18582065198271","-0.30428988252354494","0.02400000000000002","0.013399999999999967","0.0346","4000","0.000448178552467981","0","0.000448178552467981","0.000448178552467981","66_73:0.011278089966353516;66_67:0.013532388923126693;66_65:0.01342348822220421","66_73:660;66_67:660;66_65:660","true"
"67","168.28406353421602","92.52350422829987","5.382854541228567","-0.30107515265852497","0.01739999999999997","0.0156","0.019199999999999995","4000","0.00029250440027904387","0","0.00029250440027904387","0.00029250440027904387","67_68:0.010659696243588257","67_68:660","true"
"68","186.40689641958508","105.02825817215479","5.115414525467588","-0.30470022645900613","0.03770000000000007","0.038000000000000034","0.0374","4000","0.0002955690592979779","0","0.0002955690592979779","0.0002955690592979779","68_55:0.008586369444974595","68_55:660","true"
"69","249.83767999496482","251.34091125652384","5.063559361011147","-0.3048241681857833","0.04630000000000001","0.046","0.046599999999999975","4000","0.00017690761041879574","0","0.00017690761041879574","0.00017690761041879574","69_68:0.0066595806603866325","69_68:660","true"
"70","199.97675172694906","123.49409051554551","5.203347794417328","-0.30313172762972973","0.016100000000000003","0.01980000000000004","0.0124","4000","0.00039035333927408834","0","0.00039035333927408834","0.00039035333927408834","70_69:0.007579402539806074;70_74:0.009474425396116676","70_69:660;70_74:660","true"
"71","265.3604675072376","102.06754035726347","5.040613997300783","-0.30660441264469074","0.025900000000000034","0.013000000000000012","0.0388","4000","0.00021531048492550803","0","0.00021531048492550803","0.00021531048492550803","71_77:0.009046520777648615;71_58:0.007944795359355106","71_77:660;71_58:660","true"
"72","208.41841847636042","93.88208953975958","5.07787241632817","-0.3049165500673834","0.021399999999999975","0.022199999999999998","0.0206","4000","0.0010421428836341362","0","0.0010421428836341362","0.0010421428836341362","72_81:0.008911344792032344;72_62:0.011579025274300159","72_81:660;72_62:660","true"
"73","153.9315064727839","55.384086842386544","4.975993384094931","-0.3087797160488346","0.06129999999999991","0.0234","0.09919999999999995","4000","0.0002462465373627944","0","0.0002462465373627944","0.0002462465373627944","73_85:0.019044578283610863","73_85:660","true"
"74","185.22234556632264","105.2609400068561","5.115314033144931","-0.3046844338650276","0.019199999999999995","0.021399999999999975","0.017","4000","0.0003124256630971932","0","0.0003124256630971932","0.0003124256630971932","74_89:0.012442028292609791","74_89:660","true"
"75","150.4540099948609","24.959452288056738","5.129228714629265","-0.3045138618524563","0.012299999999999978","0.016000000000000014","0.0086","4000","0.0003388396968913311","0","0.0003388396968913311","0.0003388396968913311","75_90:0.019012296056385963;75_76:0.011239053786264608","75_90:660;75_76:660","true"
"76","182.61104777481202","133.92853627992062","5.001386766700932","-0.30760571635663536","0.05669999999999997","0.04820000000000002","0.0652","4000","0.0006486566408771043","0","0.0006486566408771043","0.0006486566408771043","76_77:0.011588406029554021","76_77:660","true"
"77","299.76495599332077","16.843378177273415","4.942054647449024","-0.3091917951227223","0.045600000000000085","0.0482","0.04300000000000004","4000","0.00038758434298151966","0","0.00038758434298151966","0.00038758434298151966","77_78:0.024675915311486607","77_78:660","true"
"78","182.27838341885388","23.77557549252757","4.81946911536936","-0.30987613542014186","0.03959999999999997","0.04579999999999995","0.0334","4000","0.001034368763485152","0","0.001034368763485152","0.001034368763485152","78_79:0.017979374744640675","78_79:660","true"
"79","192.67062952859743","16.46384546369852","4.926362853584277","-0.3086275788109418","0.024399999999999977","0.027000000000000024","0.0218","4000","0.00023118333033992166","0","0.00023118333033992166","0.00023118333033992166","","","true"
"80","139.60615011927413","137.2692595741796","4.992246419814803","-0.30771944430364806","0.019199999999999995","0.02080000000000004","0.0176","4000","0.00029789003693732883","0","0.00029789003693732883","0.00029789003693732883","80_81:0.009279616332947799;80_79:0.009675945867018226","80_81:660;80_79:660","true"
"81","175.7609306736944","178.82301343871245","5.153435385555018","-0.3050642928746577","0.03289999999999993","0.0356","0.030200000000000005","4000","0.0001850087515671236","0","0.0001850087515671236","0.0001850087515671236","81_82:0.011103635717924304","81_82:660","true"
"82","80.23541611953686","112.70972167769781","5.204849530939771","-0.30455351980495227","0.02849999999999997","0.05120000000000002","0.0058","4000","0.001951126242112548","0","0.001951126242112548","0.001951126242112548","82_83:0.02378507277917044","82_83:660","true"
"83","203.5183998540198","136.51636069089201","5.102698428942088","-0.3062977471599376","0.04190000000000005","0.04079999999999995","0.043","4000","0.0005866104682917252","0","0.0005866104682917252","0.0005866104682917252","83_84:0.014066502509799295","83_84:660","true"
"84","168.14799083540618","156.02933197799123","5.050137522408627","-0.3051089963906093","0.06430000000000002","0.06699999999999995","0.0616","4000","0.00018056474845612135","0","0.00018056474845612135","0.00018056474845612135","","","true"
"85","207.1980655696883","91.82332213007028","5.099884986471364","-0.3056384067163472","0.04833333333333334","0.03","0.06666666666666665","4000","0.0007810228370915678","0","0.0007810228370915678","0.0007810228370915678","85_84:0.016573924288859704;85_86:1","85_84:660;85_86:660","true"
"86","75.61785012241887","41.061719560150166","5.202164993041476","-0.3030240253013421","0.1166666666666667","0.19999999999999996","0.03333333333333333","4000","0.04734298628448696","0","0.04734298628448696","0.04734298628448696","86_87:0.17005218955176118","86_87:660","true"
"87","129.47828468630735","19.61923395663589","5.283785560794226","0","0.020100000000000007","0.0232","0.017","4000","0.0004375753724386116","0","0.0004375753724386116","0.0004375753724386116","87_88:0.011082526227643691","87_88:660","true"
"88","125.21277925172186","80.73963152424814","5.179362154943874","-0.3039739472445793","0.006800000000000028","0.009600000000000053","0.004","4000","0.00046293879370456266","0","0.00046293879370456266","0.00046293879370456266","88_89:0.014313033563056604","88_89:660","true"
"89","40.925202857683196","43.67823897129599","5.066952005897755","-0.3052598006575995","0.006800000000000028","0.0058","0.007800000000000029","4000","0.0005992095844269506","0","0.0005992095844269506","0.0005992095844269506","","","true"
"90","131.27392073579554","37.07544872817637","4.981088448511094","-0.3093910632029549","0.021700000000000053","0.0186","0.024800000000000044","4000","0.0003523750677626437","0","0.0003523750677626437","0.0003523750677626437","","","true"
"91","365.22403665924384","290.374846354404","5.038270485037699","-0.3068760832887368","0.02529999999999999","0.024399999999999977","0.0262","4000","0.00019431600913444875","0","0.00019431600913444875","0.00019431600913444875","91_79:0.005677984660032276;91_98:0.004942354846760255","91_79:660;91_98:660","true"
"92","110.44265700158749","47.19716575839059","4.952063843162917","-0.3070894076559803","0.015499999999999958","0.014599999999999946","0.0164","4000","0.0003598857097106151","0","0.0003598857097106151","0.0003598857097106151","92_102:0.009961224951057251;92_83:0.03582090662214163","92_102:660;92_83:660","true"
"93","253.22530718072414","44.146083360872616","5.066384496325197","-0.3053081213992965","0.013700000000000045","0.0174","0.010000000000000009","4000","0.0009048087529746176","0","0.0009048087529746176","0.0009048087529746176","93_106:0.014234905781843471;93_87:0.015044495870703223","93_106:660;93_87:660","true"
"94","166.49135435205696","141.6535986214785","5.092906638394791","-0.30542373424889097","0.03479999999999994","0.036","0.03359999999999996","4000","0.00038416663137115037","0","0.00038416663137115037","0.00038416663137115037","94_90:0.009424881856448658","94_90:660","true"
"95","200.8433586626031","44.18737190434285","5.124809349407352","-0.30570097159029036","0.03159999999999996","0.0336","0.02959999999999996","4000","0.00033237821829536614","0","0.00033237821829536614","0.00033237821829536614","95_94:0.014162745733765053","95_94:660","true"
"96","183.0396245684377","161.65955941505956","5.026384886328471","-0.3059864366337545","0.013800000000000034","0.0166","0.01100000000000001","4000","0.0003014163777540593","0","0.0003014163777540593","0.0003014163777540593","96_97:0.0051022744986775614;96_95:0.010486463698429788","96_97:660;96_95:660","true"
"97","365.6716409817522","117.82340505306334","4.934487802701894","-0.3079947229270932","0.007000000000000006","0.008199999999999985","0.0058","4000","0.00019116185443444634","0","0.00019116185443444634","0.00019116185443444634","97_98:0.00492336324900336","97_98:660","true"
"98","333.2522946954434","201.2101164613061","4.852982932485275","-0.3093731372216762","0.05410000000000004","0.0514","0.0568","4000","0.0002551835158492216","0","0.0002551835158492216","0.0002551835158492216","","","true"
"99","185.4722048548747","156.6650831145426","5.108082644767737","-0.3045550357198442","0.053200000000000025","0.04420000000000002","0.0622","4000","0.00033214219327285107","0","0.00033214219327285107","0.00033214219327285107","99_98:0.009206929728665908","99_98:660","true"
"100","147.61596234861818","147.8936478720802","5.203738156162154","-0.30393447947654817","0.04760000000000009","0.050000000000000044","0.0452","4000","0.00036326086713858697","0","0.00036326086713858697","0.00036326086713858697","100_110:0.007585815455897232;100_99:0.00895396874108531","100_110:660;100_99:660","true"
"101","128.517007758668","171.25206700408535","5.171357269737984","-0.3042014262895929","0.01760000000000006","0.01980000000000004","0.0154","4000","0.00033960214757942556","0","0.00033960214757942556","0.00033960214757942556","101_100:0.013257723577283137","101_100:660","true"
"102","229.25868111254692","114.72671945075041","5.081722056665909","-0.3059272544655712","0.007000000000000006","0.007399999999999962","0.0066","4000","0.00026985455881628755","0","0.00026985455881628755","0.00026985455881628755","102_101:0.009215755656928781","102_101:660","true"
"103","248.2640806553808","180.34777661779998","5.205277690617396","-0.3032222604855203","0.011099999999999999","0.012399999999999967","0.0098","4000","0.0001810969012671189","0","0.0001810969012671189","0.0001810969012671189","103_102:0.005363173577070612;103_104:0.00851075834892806","103_102:660;103_104:660","true"
"104","171.33150365309692","13.331331521438791","5.132680267223537","-0.30503087043802185","0.0039000000000000146","0.005199999999999982","0.0026","4000","0.0003754746322832583","0","0.0003754746322832583","0.0003754746322832583","104_111:0.01093803446003308;104_105:0.012628644862053673","104_111:660;104_105:660","true"
"105","195.31648625283634","234.23902678087404","5.279451009132876","-0.30293172962468023","0.009099999999999997","0.006199999999999983","0.012","4000","0.0005560695156325965","0","0.0005560695156325965","0.0005560695156325965","105_106:0.019719021390176422","105_106:660","true"
"106","105.26756193434746","117.53832743148357","5.152517467669727","-0.3049832353470426","0.010000000000000009","0.0114","0.008600000000000052","4000","0.00034136487413868985","0","0.00034136487413868985","0.00034136487413868985","","","true"
"107","120.27658935129098","146.70792971918206","5.347233737576906","-0.3003099103462095","0.07150000000000001","0.06340000000000001","0.0796","4000","0.00045502401945860926","0","0.00045502401945860926","0.00045502401945860926","107_106:0.012511812072875772;107_108:0.1770104374235825","107_106:660;107_108:660","true"
"108","112.72229592264273","112.02980676785195","5.069851626031842","-0.30689356746249064","0.059799999999999964","0.07399999999999995","0.0456","4000","0.0005999460438489908","0","0.0005999460438489908","0.0005999460438489908","","","true"
"109","144.27510017854823","157.68714199686244","5.096667570773039","-0.30463522471929844","0.02949999999999997","0.02739999999999998","0.0316","4000","0.00019422089588927826","0","0.00019422089588927826","0.00019422089588927826","109_96:0.006335534839624901","109_96:660","true"
"110","146.13157693381018","139.1155153553793","5.273695338910122","-0.302010718369919","0.009700000000000042","0.0124","0.007000000000000006","4000","0.0002606493479913987","0","0.0002606493479913987","0.0002606493479913987","","","true"
"111","78.49920568511394","118.07471803025825","5.358431094583081","-0.3020396886067783","0.013900000000000023","0.0108","0.017000000000000015","4000","0.0004088290107861209","0","0.0004088290107861209","0.0004088290107861209","111_122:0.013182722460437557","111_122:660","true"
"112","155.1123025474912","155.31195031828761","5.137999331448211","-0.30356663279378454","0.01529999999999998","0.0184","0.012199999999999989","4000","0.00019625151008662261","0","0.00019625151008662261","0.00019625151008662261","112_108:0.010070587051121821","112_108:660","true"
"113","188.97169884537342","240.16757264061127","5.250308597697059","-0.30334946481790825","0.021199999999999997","0.0222","0.020199999999999996","4000","0.0003129148737094211","0","0.0003129148737094211","0.0003129148737094211","113_114:0.00729166939155218","113_114:660","true"
"114","176.08068702802166","67.63062297364306","5.1502992065082935","-0.30375658324326477","0.014499999999999957","0.01639999999999997","0.0126","4000","0.00034493725020985047","0","0.00034493725020985047","0.00034493725020985047","114_109:0.00718486363741086","114_109:660","true"
"115","231.5712347717326","162.70913144949608","5.245941042920638","-0.3025355264793927","0.04259999999999997","0.03939999999999999","0.0458","4000","0.0004887135826465571","0","0.0004887135826465571","0.0004887135826465571","115_114:0.012422447426555405","115_114:660","true"
"116","148.37484701035484","161.5336437827918","5.334755469775941","-0.3011566056527044","0.02100000000000002","0.0182","0.023800000000000043","4000","0.000390471496965928","0","0.000390471496965928","0.000390471496965928","116_117:0.011102066471783967;116_115:0.008625717840158698","116_117:660;116_115:660","true"
"117","145.54710202313436","108.11324488351758","5.304694119875305","-0.29302977381195444","0.020299999999999985","0.018399999999999972","0.0222","4000","0.00047548627590329403","0","0.00047548627590329403","0.00047548627590329403","","","true"
"118","128.58241206423915","173.60353208502056","5.069763582050364","-0.3061603334380948","0.06289999999999996","0.07579999999999998","0.05","4000","0.0010091224052770085","0","0.0010091224052770085","0.0010091224052770085","118_117:0.015399405246098036;118_110:0.008259043711354691","118_117:660;118_110:660","true"
"119","222.65573395316045","308.0512561753326","5.148121737274762","0","0.005099999999999993","0.006800000000000028","0.0034","4000","0.000146965902546289","0","0.000146965902546289","0.000146965902546289","119_118:0.010318005890174675;119_120:0.006351184227633783","119_118:660;119_120:660","true"
"120","177.811888284186","194.00098363952839","5.250086024222102","-0.30225445919068583","0.03059999999999996","0.03259999999999996","0.0286","4000","0.0002114038103880415","0","0.0002114038103880415","0.0002114038103880415","120_121:0.0056548101692148744","120_121:660","true"
"121","206.68387792679997","251.49899449699927","5.069424254298799","-0.306028589316361","0.005600000000000049","0.0082","0.0030000000000000027","4000","0.00017960286430231308","0","0.00017960286430231308","0.00017960286430231308","","","true"
"122","143.83869039842995","123.3432930502673","5.279806831360448","-0.3016726166584377","0.02069999999999994","0.02","0.021399999999999975","4000","0.0003410701518066515","0","0.0003410701518066515","0.0003410701518066515","122_123:0.009471012389810352;122_121:0.00617752357883633","122_123:660;122_121:660","true"
"123","182.0099642609266","116.14642209087035","5.203828404941389","-0.3031041353587323","0.029200000000000004","0.026000000000000023","0.0324","4000","0.0003345642729526066","0","0.0003345642729526066","0.0003345642729526066","123_124:0.011125661414485566","123_124:660","true"
"124","150.98520900198181","129.95519659987255","5.092662315879097","-0.30406410381138455","0.006699999999999928","0.0084","0.0050000000000000044","4000","0.00030203088268072225","0","0.00030203088268072225","0.00030203088268072225","","","true"
"125","157.05087785782064","49.84940847139352","5.184837323207616","-0.3034458047748505","0.007099999999999995","0.011199999999999988","0.003","4000","0.00038605066851482296","0","0.00038605066851482296","0.00038605066851482296","125_124:0.011697485548975872","125_124:660","true"
"126","91.79979342975308","41.810267613011476","5.2754856207877845","-0.3020387420211857","0.03210000000000002","0.03759999999999997","0.0266","4000","0.0004848962208335101","0","0.0004848962208335101","0.0004848962208335101","126_125:0.01585795344772914;126_112:0.00899406164361602","126_125:660;126_112:660","true"